{"cameraMode":{"drawMode":0,"name":"Shaded","section":"Shading Mode"},"sceneLighting":false,"audioPlay":false,"sceneViewState":{"showFog":true,"showMaterialUpdate":false,"showSkybox":false,"showFlares":true,"showImageEffects":true,"showParticleSystems":true,"showVisualEffectGraphs":true,"m_FxEnabled":true},"in2DMode":false,"pivot":{"x":5.960464477539063e-8,"y":0.09358322620391846,"z":-0.02348819002509117},"rotation":{"x":-0.10957907885313034,"y":0.0125229237601161,"z":-0.0013714517699554563,"w":-0.9938865303993225},"size":0.19430212676525117,"orthographic":false}